index,layer,branch,sv_min,sv_mean,sv_max,identity_distance
0,0,attn,0.9999769330024719,1.0000927448272705,1.0001972913742065,0.033551767468452454
1,0,mlp,0.9997876286506653,0.9999886751174927,1.0001806020736694,0.09541892260313034
2,1,attn,0.9997577667236328,0.999926745891571,1.0001050233840942,0.1789875328540802
3,1,mlp,0.9998010396957397,0.9999477863311768,1.0000782012939453,0.26136475801467896
4,2,attn,0.9997289180755615,0.999869704246521,0.9999934434890747,0.23864521086215973
5,2,mlp,0.9997304677963257,0.9999033808708191,1.0000916719436646,0.14506180584430695
6,3,attn,0.9998501539230347,0.9999868869781494,1.0000755786895752,0.23235157132148743
7,3,mlp,0.9998992681503296,1.000055193901062,1.0002011060714722,0.1764296442270279
8,4,attn,0.9997931718826294,0.9999860525131226,1.00014066696167,0.1882503777742386
9,4,mlp,0.99968421459198,0.9998002052307129,0.9999346733093262,0.08696882426738739
10,5,attn,0.9998385906219482,0.9999330043792725,0.9999959468841553,0.11628586798906326
11,5,mlp,0.9998549222946167,1.0000053644180298,1.0002532005310059,0.21062737703323364
12,6,attn,0.9998462796211243,0.9999064803123474,0.9999914169311523,0.2223251610994339
13,6,mlp,0.9996584057807922,0.9997798800468445,0.9999446868896484,0.21783728897571564
14,7,attn,0.9997740387916565,0.9998998641967773,1.000022292137146,0.1784498691558838
15,7,mlp,0.99984210729599,0.9999159574508667,0.9999822378158569,0.1944170445203781
16,8,attn,0.9997444748878479,0.999907374382019,1.0001041889190674,0.1757868081331253
17,8,mlp,0.999754011631012,0.9999847412109375,1.0001842975616455,0.14758798480033875
18,9,attn,0.9997453093528748,0.9999410510063171,1.000203251838684,0.12853114306926727
19,9,mlp,0.999739944934845,0.9999449253082275,1.0001620054244995,0.12872572243213654
20,10,attn,0.9998487234115601,0.9999445676803589,1.0000602006912231,0.17666734755039215
21,10,mlp,0.999833345413208,1.000024437904358,1.0001825094223022,0.1417154222726822
22,11,attn,0.9997884035110474,0.99996018409729,1.000206708908081,0.17696599662303925
23,11,mlp,0.9998481869697571,0.9999547004699707,1.0000488758087158,0.1562691628932953
24,12,attn,0.9997640252113342,0.9999808073043823,1.000219464302063,0.12200596183538437
25,12,mlp,0.9996998310089111,0.999854326248169,1.000087857246399,0.1369943916797638
26,13,attn,0.9997451305389404,0.999973475933075,1.0002458095550537,0.14375513792037964
27,13,mlp,0.9996896982192993,0.999947726726532,1.0002329349517822,0.17668019235134125
28,14,attn,0.9997323155403137,0.9999653100967407,1.000212550163269,0.15972308814525604
29,14,mlp,0.9998095035552979,0.9999008178710938,0.999954342842102,0.09157837927341461
30,15,attn,0.9997252225875854,0.999984622001648,1.0002740621566772,0.09511176496744156
31,15,mlp,0.9999019503593445,1.0000584125518799,1.0002493858337402,0.06154518947005272
32,16,attn,0.999744713306427,0.999946117401123,1.0002132654190063,0.04364999011158943
33,16,mlp,0.9999594688415527,1.0000780820846558,1.0001943111419678,0.03174703195691109
34,17,attn,0.9998025298118591,0.9999631643295288,1.0001293420791626,0.05485166236758232
35,17,mlp,0.9997466206550598,0.9999698400497437,1.0002142190933228,0.06369476765394211
36,18,attn,0.9997392296791077,0.9999823570251465,1.000253438949585,0.06435827910900116
37,18,mlp,0.9999052286148071,0.9999935626983643,1.0000900030136108,0.07227996736764908
38,19,attn,0.9999889135360718,1.0000367164611816,1.0000965595245361,0.06770722568035126
39,19,mlp,0.999769926071167,0.9999650716781616,1.0001256465911865,0.05502675101161003
40,20,attn,0.9999783039093018,1.000075340270996,1.000169277191162,0.09374355524778366
41,20,mlp,0.9998213052749634,0.9998718500137329,0.9999125003814697,0.07227812707424164
42,21,attn,0.9997142553329468,0.999871015548706,1.0000120401382446,0.04784281179308891
43,21,mlp,0.9997525215148926,0.9998886585235596,0.999981164932251,0.08543004095554352
44,22,attn,0.9997223019599915,0.9998606443405151,0.9999827742576599,0.04680749401450157
45,22,mlp,0.9998162984848022,1.0000689029693604,1.000278115272522,0.08235318958759308
46,23,attn,0.9998074769973755,0.9999138712882996,1.0000476837158203,0.05102723464369774
47,23,mlp,0.999900758266449,1.000059962272644,1.0002281665802002,0.06169144809246063
48,24,attn,1.0000070333480835,1.0000375509262085,1.0000884532928467,0.06785488873720169
49,24,mlp,0.9999479055404663,1.0000100135803223,1.0000863075256348,0.058180201798677444
50,25,attn,0.9998461008071899,0.9999048113822937,0.9999575018882751,0.0505656823515892
51,25,mlp,0.9999794363975525,1.0000683069229126,1.0002129077911377,0.030427489429712296
52,26,attn,0.9998052716255188,0.9999233484268188,1.0000693798065186,0.051889728754758835
53,26,mlp,0.9999285340309143,0.9999741911888123,1.0000454187393188,0.05567699670791626
54,27,attn,0.9998138546943665,1.0000107288360596,1.0002034902572632,0.058306984603405
55,27,mlp,0.9997467994689941,0.999895453453064,1.0000160932540894,0.03885546699166298
56,28,attn,0.9998860359191895,0.9999797344207764,1.000126838684082,0.056168608367443085
57,28,mlp,0.9999628663063049,1.0000349283218384,1.0001320838928223,0.025962315499782562
58,29,attn,0.9999814629554749,1.0001065731048584,1.0002323389053345,0.03513582795858383
59,29,mlp,0.9999469518661499,1.0000265836715698,1.0000978708267212,0.039622195065021515
60,30,attn,0.9996725916862488,0.999914824962616,1.0001716613769531,0.04063934087753296
61,30,mlp,0.9997699856758118,0.9999372363090515,1.0001064538955688,0.05298622325062752
62,31,attn,0.9999397397041321,1.0000054836273193,1.0001213550567627,0.020628392696380615
63,31,mlp,0.9996748566627502,0.9997942447662354,0.9999052882194519,0.04094511643052101
64,32,attn,0.999885082244873,0.9999189376831055,0.999971330165863,0.05169394984841347
65,32,mlp,0.9997069835662842,0.9998688697814941,1.000087857246399,0.047596078366041183
66,33,attn,0.9999514818191528,1.000004768371582,1.0000935792922974,0.020650142803788185
67,33,mlp,0.9999858140945435,1.0000884532928467,1.000217318534851,0.03293722867965698
68,34,attn,0.9998140335083008,0.9999968409538269,1.0001622438430786,0.0572902075946331
69,34,mlp,0.9997222423553467,0.9998835325241089,1.0001602172851562,0.0658600851893425
70,35,attn,0.9996739029884338,0.9998284578323364,0.9999849796295166,0.044089365750551224
71,35,mlp,1.0000616312026978,1.00009024143219,1.0001311302185059,0.033241432160139084
72,36,attn,0.9999951124191284,1.0000957250595093,1.0002554655075073,0.07098114490509033
73,36,mlp,1.000018835067749,1.000062346458435,1.0001214742660522,0.029528647661209106
74,37,attn,0.999740481376648,0.9999510645866394,1.0002044439315796,0.04411635920405388
75,37,mlp,0.9998267292976379,0.9999557733535767,1.000100016593933,0.054451730102300644
76,38,attn,0.9996626377105713,0.9999012351036072,1.0001730918884277,0.0394321046769619
77,38,mlp,0.9999117255210876,1.000014305114746,1.0001428127288818,0.058577749878168106
78,39,attn,0.9997472167015076,0.9999575614929199,1.0000996589660645,0.0701487585902214
79,39,mlp,0.9999843835830688,1.0000112056732178,1.0000361204147339,0.058341894298791885
80,40,attn,0.9997888207435608,1.0000123977661133,1.0002378225326538,0.06629695743322372
81,40,mlp,0.9997643232345581,0.999896228313446,1.0000581741333008,0.049836166203022
82,41,attn,0.9999009966850281,0.99997878074646,1.0000898838043213,0.056088197976350784
83,41,mlp,0.9997134804725647,0.9998863935470581,1.0001249313354492,0.04900294169783592
84,42,attn,0.9997422099113464,0.9999412298202515,1.0001373291015625,0.06928262859582901
85,42,mlp,0.9997541308403015,0.9999555349349976,1.0001733303070068,0.07025142014026642
86,43,attn,0.999750018119812,0.999897837638855,1.0000073909759521,0.03889768198132515
87,43,mlp,0.9998272657394409,1.000022053718567,1.0002332925796509,0.05901416763663292
88,44,attn,0.9996902942657471,0.9999045133590698,1.0001256465911865,0.039758969098329544
89,44,mlp,0.9998078346252441,0.9999951124191284,1.0002312660217285,0.04795246198773384
90,45,attn,0.9997860789299011,1.000025987625122,1.0002294778823853,0.059292424470186234
91,45,mlp,0.9998034238815308,0.9999558925628662,1.0001517534255981,0.07021132856607437
92,46,attn,0.9998771548271179,1.0000007152557373,1.0000816583633423,0.06550760567188263
93,46,mlp,0.9996605515480042,0.999843955039978,1.0000426769256592,0.04539341852068901
94,47,attn,0.9998863935470581,1.0000183582305908,1.0001555681228638,0.05883636698126793
95,47,mlp,0.9996958374977112,0.9998773336410522,1.0001298189163208,0.08490735292434692
