index,layer,branch,composite_sv_min,composite_sv_mean,composite_sv_max,product_sv_min,product_sv_mean,product_sv_max
0,0,attn,0.9999769330024719,1.0000927448272705,1.0001972913742065,0.9999769330024719,1.0000927448272705,1.0001972913742065
1,0,mlp,0.9998770952224731,1.0000813007354736,1.0003479719161987,0.9997645665519066,1.000081418894439,1.0003779290791073
2,1,attn,0.9996426701545715,1.000008225440979,1.0004485845565796,0.999522390305355,1.0000081588217415,1.0004829921545924
3,1,mlp,0.999455451965332,0.9999566078186035,1.0005170106887817,0.9993235250264648,0.9999559447269163,1.0005612312191492
4,2,attn,0.9992073178291321,0.9998260736465454,1.000474452972412,0.999052626482164,0.9998256547136523,1.0005546710285054
5,2,mlp,0.9990656971931458,0.9997298717498779,1.0004959106445312,0.9987833496261617,0.9997290524295611,1.0006463938199412
6,3,attn,0.9990172386169434,0.9997164011001587,1.000535011291504,0.9986336858594819,0.9997159429606519,1.0007220213631143
7,3,mlp,0.9989767074584961,0.9997717142105103,1.0006953477859497,0.9985330916411621,0.9997711211834978,1.0009232726374664
8,4,attn,0.9989816546440125,0.9997574687004089,1.0007268190383911,0.9983265669216858,0.9997571768889046,1.001064069473093
9,4,mlp,0.9987093806266785,0.9995583295822144,1.0005955696105957,0.9980113099594131,0.9995574306344049,1.0009986732702818
10,5,attn,0.9986549019813538,0.9994911551475525,1.0005308389663696,0.9978502215745839,0.9994904646638868,1.0009946161066987
11,5,mlp,0.9985370635986328,0.9994964599609375,1.0007351636886597,0.9977054557541216,0.999495826348556,1.001248068475031
12,6,attn,0.9983867406845093,0.9994027018547058,1.0007178783416748,0.9975520880934567,0.9994023538110659,1.0012394746939255
13,6,mlp,0.9981120228767395,0.9991827011108398,1.0006558895111084,0.9972113300668054,0.9991823654117615,1.0011840930243734
14,7,attn,0.9979066848754883,0.9990827441215515,1.0006335973739624,0.9969859989896896,0.9990823114830351,1.0012064115574835
15,7,mlp,0.997836709022522,0.9989990592002869,1.000550627708435,0.996828582174449,0.998998346058784,1.001188627944836
16,8,attn,0.9976698160171509,0.9989058971405029,1.000611662864685,0.9965738674391925,0.9989058132196184,1.0012929407057642
17,8,mlp,0.9976091980934143,0.9988908767700195,1.0007619857788086,0.996328721858965,0.9988905711265211,1.0014774765532293
18,9,attn,0.9974898099899292,0.9988324046134949,1.0009242296218872,0.9960749662520453,0.9988316875325539,1.0016810286917395
19,9,mlp,0.9974032044410706,0.9987778663635254,1.0010837316513062,0.9958159319117973,0.9987766771852304,1.0018433064520058
20,10,attn,0.9973384141921997,0.9987221956253052,1.0011305809020996,0.9956652882749035,0.9987213126772106,1.0019036181115515
21,10,mlp,0.997409462928772,0.998746395111084,1.0012620687484741,0.9954993560877029,0.99874571933313,1.0020864749620955
22,11,attn,0.9972466230392456,0.9987068176269531,1.0014182329177856,0.9952887119192001,0.9987059533707371,1.0022936151631376
23,11,mlp,0.9971548914909363,0.9986612796783447,1.0013633966445923,0.995137614123877,0.9986607124604119,1.0023426030741494
24,12,attn,0.997086226940155,0.9986424446105957,1.0015544891357422,0.9949027867356908,0.9986415454693323,1.002562581493961
25,12,mlp,0.9967875480651855,0.9984971284866333,1.0015636682510376,0.9946041477699649,0.9984960696086693,1.0026506638817136
26,13,attn,0.9965404272079468,0.9984707832336426,1.0017099380493164,0.9943506535468551,0.9984695854320946,1.0028971249952767
27,13,mlp,0.9962730407714844,0.998417854309082,1.0016998052597046,0.9940421047684187,0.9984173921584059,1.00313073478873
28,14,attn,0.9960460662841797,0.9983834624290466,1.001700758934021,0.9937760151446984,0.9983827571556595,1.0033439503901895
29,14,mlp,0.9958780407905579,0.9982836246490479,1.001622200012207,0.993586704346983,0.9982837354283415,1.0032981405570207
30,15,attn,0.9956228137016296,0.9982683658599854,1.0016461610794067,0.993313689163353,0.9982683838227032,1.003573106609212
31,15,mlp,0.9955525398254395,0.9983270168304443,1.0017753839492798,0.9932162951130724,0.9983266952264633,1.003823383525123
32,16,attn,0.9953778982162476,0.9982737302780151,1.0018349885940552,0.9929627402090901,0.9982729027895962,1.0040374643396188
33,16,mlp,0.9954056739807129,0.9983510375022888,1.0019216537475586,0.9929224942789345,0.9983508500189014,1.004232560005893
34,17,attn,0.9952327013015747,0.9983144998550415,1.0019463300704956,0.99272642168718,0.9983140750959755,1.004362449533167
35,17,mlp,0.9951607584953308,0.9982843399047852,1.002013087272644,0.992474885316748,0.9982839659931304,1.0045776031464733
36,18,attn,0.9950166940689087,0.9982666969299316,1.0020325183868408,0.9922160773224263,0.9982663532942218,1.0048322022389913
37,18,mlp,0.9949805736541748,0.998260498046875,1.0020782947540283,0.9921220436303678,0.9982599271525928,1.004922640165366
38,19,attn,0.9950414299964905,0.9982966780662537,1.0021156072616577,0.9921110445051187,0.9982965797244573,1.0050196750176958
39,19,mlp,0.9948841333389282,0.9982621073722839,1.0021328926086426,0.9918827856192708,0.9982617109002305,1.0051459523139372
40,20,attn,0.994947612285614,0.9983370304107666,1.0021976232528687,0.991861265640392,0.9983369202080548,1.005316100597453
41,20,mlp,0.9948056936264038,0.9982094168663025,1.0020725727081299,0.9916840252642539,0.9982089833454402,1.0052281358221482
42,21,attn,0.9946677088737488,0.9980807304382324,1.001973271369934,0.9914006568426328,0.9980802299074467,1.005240238907871
43,21,mlp,0.9944927096366882,0.9979697465896606,1.0018856525421143,0.9911553065099429,0.9979691021810428,1.005221305139867
44,22,attn,0.9942978024482727,0.9978299140930176,1.0017703771591187,0.990880064623981,0.9978300295386628,1.00520398945667
45,22,mlp,0.994233250617981,0.9978992342948914,1.0018757581710815,0.9906980384547304,0.997898782990615,1.005483552038138
46,23,attn,0.9941161870956421,0.9978131651878357,1.0017935037612915,0.9905073062936729,0.9978128352540285,1.0055314972300953
47,23,mlp,0.9940800070762634,0.9978730082511902,1.0018583536148071,0.9904090066315013,0.9978726663793037,1.005760925913102
48,24,attn,0.9941391348838806,0.9979099631309509,1.0018854141235352,0.99041597252279,0.9979101374221644,1.0058498887788154
49,24,mlp,0.9941675662994385,0.9979199171066284,1.0019149780273438,0.9903643773379879,0.9979201300754799,1.005936701193876
50,25,attn,0.9940515756607056,0.997825026512146,1.0018255710601807,0.9902119610597278,0.9978251394377167,1.0058939507835605
51,25,mlp,0.9940714836120605,0.9978929758071899,1.0018773078918457,0.9901915987346217,0.9978932978025965,1.0061081134427405
52,26,attn,0.9939530491828918,0.997816264629364,1.0017567873001099,0.9899987803341752,0.997816807711453,1.006177917028988
53,26,mlp,0.9939407706260681,0.9977912902832031,1.0017495155334473,0.989928029111945,0.9977910552458628,1.00622361636151
54,27,attn,0.9939347505569458,0.9978007078170776,1.0017149448394775,0.9897437586564107,0.9978017603825162,1.0064283730640675
55,27,mlp,0.9938627481460571,0.9976972341537476,1.0016109943389893,0.9894931550111592,0.9976974436539415,1.006444569771598
56,28,attn,0.9938214421272278,0.9976770877838135,1.001556158065796,0.98938038833328,0.997677224737356,1.0065722258764294
57,28,mlp,0.9938312768936157,0.9977123141288757,1.001570224761963,0.9893436489849917,0.9977120719285524,1.0067051778544298
58,29,attn,0.9939126372337341,0.9978188872337341,1.0016382932662964,0.9893253094777198,0.9978184012018125,1.006939074633447
59,29,mlp,0.9939466714859009,0.997844934463501,1.0016940832138062,0.9892728276162813,0.9978449268784764,1.0070376245931392
60,30,attn,0.9938063025474548,0.9977597594261169,1.001611351966858,0.9889489314679516,0.997759935399526,1.0072104940584203
61,30,mlp,0.9937241077423096,0.9976970553398132,1.0015206336975098,0.9887214590478233,0.9976973123032998,1.0073177155391706
62,31,attn,0.993705153465271,0.9977031946182251,1.001508355140686,0.9886618784001701,0.997702783303538,1.0074399586377178
63,31,mlp,0.9935057163238525,0.9974981546401978,1.0012539625167847,0.9883404215776154,0.9974975007341318,1.00734454220544
64,32,attn,0.9934388995170593,0.997417151927948,1.0011606216430664,0.9882268437150664,0.9974166412756258,1.007315661804496
65,32,mlp,0.9932451844215393,0.9972864985466003,1.001031517982483,0.9879372770096188,0.997285849813514,1.0074041617847966
66,33,attn,0.9932294487953186,0.997291088104248,1.0010309219360352,0.9878893440901472,0.9972906052430194,1.007498433953314
67,33,mlp,0.9932922124862671,0.9973801374435425,1.0011117458343506,0.9878753299853104,0.9973788188809782,1.0077173820368455
68,34,attn,0.9932618141174316,0.9973770976066589,1.0010807514190674,0.9876916182759568,0.9973756681152374,1.0078808779776443
69,34,mlp,0.9930652976036072,0.997260332107544,1.0010088682174683,0.9874172793784206,0.9972595062886568,1.0080423579156748
70,35,attn,0.9928938746452332,0.9970895648002625,1.0008503198623657,0.9870952855544465,0.997088434231225,1.0080272167459958
71,35,mlp,0.9929690957069397,0.9971798658370972,1.0009592771530151,0.9871561214240725,0.99717841291955,1.0081593995751876
72,36,attn,0.9930093288421631,0.9972749948501587,1.001097321510315,0.9871512966186962,0.9972738678824681,1.0084169495278483
73,36,mlp,0.9930452704429626,0.9973368644714355,1.0011807680130005,0.9871698896802465,0.9973360443762204,1.0085394462366668
74,37,attn,0.9929017424583435,0.997287929058075,1.0011974573135376,0.9869137007094622,0.9972872393246294,1.0087456360062086
75,37,mlp,0.992832362651825,0.9972442388534546,1.0011918544769287,0.9867426974793695,0.9972431326545133,1.008846527308867
76,38,attn,0.9926238059997559,0.9971458315849304,1.0011781454086304,0.9864098077038708,0.9971446400398382,1.0090211504594127
77,38,mlp,0.9925614595413208,0.9971601366996765,1.0012818574905396,0.9863227328921017,0.9971589043083324,1.0091652515234093
78,39,attn,0.9925633072853088,0.9971175193786621,1.0012322664260864,0.9860734069783031,0.997116586373112,1.0092658238889642
79,39,mlp,0.9925963878631592,0.9971288442611694,1.0012195110321045,0.9860580080448551,0.9971277597357389,1.0093022789890997
80,40,attn,0.9926146268844604,0.9971418380737305,1.0013095140457153,0.9858497730479102,0.9971401218924891,1.0095423138133022
81,40,mlp,0.9925907850265503,0.9970380067825317,1.0011831521987915,0.9856174311621867,0.9970366469803097,1.0096010430624387
82,41,attn,0.992496907711029,0.9970170855522156,1.0012552738189697,0.9855198517692075,0.9970154906069087,1.009691789845036
83,41,mlp,0.9922390580177307,0.9969043135643005,1.0013469457626343,0.9852374810870005,0.9969022232134928,1.0098179319887335
84,42,attn,0.9919955134391785,0.9968461990356445,1.001475214958191,0.9849834966294062,0.9968436350906428,1.0099566093780752
85,42,mlp,0.9917525053024292,0.9968023300170898,1.0016465187072754,0.9847413195647731,0.9967993103736112,1.0101316654672423
86,43,attn,0.9916020035743713,0.9967009425163269,1.001579761505127,0.9844951520782095,0.9966974750024757,1.0101391313260903
87,43,mlp,0.9914812445640564,0.9967235922813416,1.001793622970581,0.9843250960360912,0.9967194558880857,1.0103747892898438
88,44,attn,0.9913479089736938,0.9966291189193726,1.0018078088760376,0.9840202449094797,0.9966242824952932,1.010501739437939
89,44,mlp,0.991260290145874,0.9966251254081726,1.0019612312316895,0.9838311502903493,0.996619411413514,1.0107354341551684
90,45,attn,0.991122305393219,0.996651291847229,1.0021722316741943,0.9836206880778826,0.9966453111851672,1.0109673755822501
91,45,mlp,0.9910202026367188,0.9966074824333191,1.0022443532943726,0.9834273317409742,0.9966013517147594,1.0111207933446626
92,46,attn,0.9909786581993103,0.9966080188751221,1.0022798776626587,0.9833065224403895,0.996602064539594,1.0112033598137886
93,46,mlp,0.9908531904220581,0.9964525103569031,1.0021134614944458,0.9829727405635097,0.9964465498102751,1.0112465148644016
94,47,attn,0.9907695055007935,0.9964711666107178,1.0022571086883545,0.9828610685171157,0.9964648428058079,1.0114038325864716
95,47,mlp,0.990570068359375,0.996349036693573,1.002265214920044,0.9825621190351134,0.9963426100917215,1.0115351319359807
